posx,0.300,0.250,0.250,0.250,0.250,0.250,0.250,0.250,0.250,0.250,0.250,0.250,0.250,0.250,0.250,0.250,0.250,0.250,0.250,0.250,0.250,0.250,0.250,0.250,0.250,0.250,0.250,0.250,0.250,0.250,0.250,0.250,0.250,0.250,0.250,0.250,0.250,0.250,0.250,0.250,0.250,0.250,0.250,0.250,0.250,0.250,0.250,0.250,0.250,0.250,0.250,0.250,0.250,0.250,0.250,0.250,0.250,0.250,0.250,0.000
posy,0.205,0.205,0.205,0.205,0.205,0.205,0.205,0.205,0.205,0.205,0.205,0.205,0.205,0.205,0.205,0.205,0.205,0.205,0.205,0.205,0.205,0.205,0.205,0.205,0.205,0.205,0.205,0.205,0.205,0.205,0.205,0.205,0.205,0.205,0.205,0.205,0.205,0.205,0.205,0.205,0.205,0.205,0.205,0.205,0.205,0.205,0.205,0.205,0.205,0.205,0.205,0.205,0.205,0.205,0.205,0.205,0.205,0.205,0.205,0.205
posz,0.000,0.150,0.150,0.150,0.150,0.150,0.150,0.150,0.150,0.150,0.150,0.150,0.150,0.150,0.150,0.150,0.150,0.150,0.150,0.150,0.150,0.150,0.150,0.150,0.150,0.150,0.150,0.150,0.150,0.150,0.150,0.150,0.150,0.150,0.150,0.150,0.150,0.150,0.150,0.150,0.150,0.150,0.150,0.150,0.150,0.150,0.150,0.150,0.150,0.150,0.150,0.150,0.150,0.150,0.150,0.150,0.150,0.150,0.150,0.000
rotr,0.00,0.00,0.00,0.00,0.00,0.00,0.00,0.00,0.00,0.00,0.00,0.00,0.00,0.00,0.00,0.00,0.00,0.00,0.00,0.00,0.00,0.00,0.00,0.00,0.00,0.00,0.00,0.00,0.00,0.00,0.00,0.00,0.00,0.00,0.00,0.00,0.00,0.00,0.00,0.00,0.00,0.00,0.00,0.00,0.00,0.00,0.00,0.00,0.00,0.00,0.00,0.00,0.00,0.00,0.00,0.00,0.00,0.00,0.00,0.00
rotp,0.00,0.00,0.00,0.00,0.00,0.00,0.00,0.00,0.00,0.00,0.00,0.00,0.00,0.00,0.00,0.00,0.00,0.00,0.00,0.00,0.00,0.00,0.00,0.00,0.00,0.00,0.00,0.00,0.00,0.00,0.00,0.00,0.00,0.00,0.00,0.00,0.00,0.00,0.00,0.00,0.00,0.00,0.00,0.00,0.00,0.00,0.00,0.00,0.00,0.00,0.00,0.00,0.00,0.00,0.00,0.00,0.00,0.00,0.00,0.00
roty,0.000,0.000,0.000,0.000,0.000,0.000,0.000,0.000,0.000,0.000,0.000,0.000,0.000,0.000,0.000,0.000,0.000,0.000,0.000,0.000,0.000,0.000,0.000,0.000,0.000,0.000,0.000,0.000,0.000,0.000,0.000,0.000,0.000,0.000,0.000,0.000,0.000,0.000,0.000,0.000,0.000,0.000,0.000,0.000,0.000,0.000,0.000,0.000,0.000,0.000,0.000,0.000,0.000,0.000,0.000,0.000,0.000,0.000,0.000,0.000
tssp,0.90,0.90,0.90,0.90,0.90,0.90,0.90,0.90,0.90,0.90,0.90,0.90,0.90,0.90,0.90,0.90,0.90,0.90,0.90,0.90,0.90,0.90,0.90,0.90,0.90,0.90,0.90,0.90,0.90,0.90,0.90,0.90,0.90,0.90,0.90,0.90,0.90,0.90,0.90,0.90,0.90,0.90,0.90,0.90,0.90,0.90,0.90,0.90,0.90,0.90,0.90,0.90,0.90,0.90,0.90,0.90,0.90,0.90,0.90,0.90
tdsp,0.05,0.05,0.05,0.05,0.05,0.05,0.05,0.05,0.05,0.05,0.05,0.05,0.05,0.05,0.05,0.05,0.05,0.05,0.05,0.05,0.05,0.05,0.05,0.05,0.05,0.05,0.05,0.05,0.05,0.05,0.05,0.05,0.05,0.05,0.05,0.05,0.05,0.05,0.05,0.05,0.05,0.05,0.05,0.05,0.05,0.05,0.05,0.05,0.05,0.05,0.05,0.05,0.05,0.05,0.05,0.05,0.05,0.05,0.05,0.05
foot,0.050,0.050,0.050,0.050,0.050,0.050,0.050,0.050,0.050,0.050,0.050,0.050,0.050,0.050,0.050,0.050,0.050,0.050,0.050,0.050,0.050,0.050,0.050,0.050,0.050,0.050,0.050,0.050,0.050,0.050,0.050,0.050,0.050,0.050,0.050,0.050,0.050,0.050,0.050,0.050,0.050,0.050,0.050,0.050,0.050,0.050,0.050,0.050,0.050,0.050,0.050,0.050,0.050,0.050,0.050,0.050,0.050,0.050,0.050,0.050
comz,0.000,0.000,0.000,0.000,0.000,0.000,0.000,0.000,0.000,0.000,0.000,0.000,0.000,0.000,0.000,0.000,0.000,0.000,0.000,0.000,0.000,0.000,0.000,0.000,0.000,0.000,0.000,0.000,0.000,0.000,0.000,0.000,0.000,0.000,0.000,0.000,0.000,0.000,0.000,0.000,0.000,0.000,0.000,0.000,0.000,0.000,0.000,0.000,0.000,0.000,0.000,0.000,0.000,0.000,0.000,0.000,0.000,0.000,0.000,0.000
